task_id,task_name,volume,start_time,finish_time
0,entry,0.0,,
1,ID00000,18.8,4,11.0
2,ID00001,18.45,4,11.0
3,ID00002,17.74,4,10.0
4,ID00003,17.72,4,10.0
5,ID00004,18.46,4,11.0
6,ID00005,18.19,4,11.0
7,ID00006,18.29,4,11.0
8,ID00007,18.15,4,11.0
9,ID00008,18.07,4,11.0
10,ID00009,18.02,4,11.0
11,ID00010,17.96,4,10.0
12,ID00011,17.97,4,10.0
13,ID00012,589.29,11.0,236.0
14,ID00013,495.08,11.0,237.0
15,ID00014,555.48,10.0,236.0
16,ID00015,453.23,10.0,236.0
17,ID00016,428.51,11.0,237.0
18,ID00017,532.36,11.0,237.0
19,ID00018,293.12,11.0,237.0
20,ID00019,581.87,11.0,237.0
21,ID00020,329.2,11.0,237.0
22,ID00021,517.48,11.0,237.0
23,ID00022,675.63,10.0,236.0
24,ID00023,602.07,10.0,236.0
25,ID00024,5.42,236.0,238.0
26,ID00025,4.85,238.0,240.0
27,ID00026,4.94,238.0,240.0
28,ID00027,5.19,238.0,240.0
29,ID00028,4.57,238.0,240.0
30,ID00029,5.68,238.0,240.0
31,ID00030,5.49,238.0,240.0
32,ID00031,5.36,238.0,240.0
33,ID00032,5.25,238.0,240.0
34,ID00033,5.18,238.0,240.0
35,ID00034,5.66,238.0,240.0
36,ID00035,4.7,238.0,240.0
37,ID00036,4.31,238.0,240.0
38,ID00037,535.51,240.0,464.0
39,ID00038,404.28,240.0,464.0
40,ID00039,395.32,240.0,464.0
41,ID00040,582.72,240.0,465.0
42,ID00041,490.79,240.0,464.0
43,ID00042,556.64,240.0,464.0
44,ID00043,379.34,240.0,464.0
45,ID00044,618.1,240.0,464.0
46,ID00045,671.53,240.0,464.0
47,ID00046,668.76,240.0,464.0
48,ID00047,588.81,240.0,464.0
49,ID00048,303.45,240.0,465.0
50,ID00049,5.09,464.0,469.0
51,finish,0.0,,
